Nid,Image
1442, Juvenile Cf copy.jpg
1441, Adult Cf copy.jpg
1405, Chirodactylus grandis Peter Southwood.jpg
1404, Chirodactylus grandis Peter Southwood CC-by-sa 3.0.jpg
1403, Chirodactylus grandis Georgina Jones.jpg
1398, Dasyatis chrysonota Neville Ayliffe2.jpg
1397, Dasyatis chrysonota Neville Ayliffe.jpg
1396, Dasyatis chrysonota Alex Dryer.jpg
1383, Chirodactylus jessicalenorum Geoff Spiby.jpg
1382, Chirodactylus jessicalenorum ACEPx.jpg
1381, Chirodactylus jessicalenorum ACEPcx.jpg
1377, Cheimerius nufar Alan Horstmann.jpg
1352, Carcharias taurus P Timm.jpg
1351, Carcharias taurus Carel.jpg
1339, Carcharodon carcharias.jpg
1337, Carcharodon carcharias CallumEvans.jpg
1331, Carcharhinus limbatus.jpg
1330, Carcharhinus limbatus Marilene Lamprecht.jpg
1329, Carcharhinus limbatus 2.jpg
1311, Carcharhinus leucas.jpg
1309, Carcharhinus leucas Albert Kok .jpg
1299," Picton, B.E.1.jpg"
1298," Picton, B.E.1.jpg"
1297," Picton, B.E..jpg"
1289, metridium sen.jpg
1288, Metridium senile.JPG
1287, 47769_metridium-senile.jpg
1280, Suberites ficus1.jpg
1279, Suberites ficus.jpg2_.jpg
1278, Suberites ficus.jpg
1238, Chrysoblephus puniceus Georgina Jones.jpg
1237, Chrysoblephus puniceus Eve Marshall.JPG
1222, Chrysoblephus lophus ACEP3.jpg
1221, Chrysoblephus lophus ACEP2.jpg
1220, Chrysoblephus lophus ACEP.jpg
1213, Chrysoblephus laticeps.jpg
1212, Chrysoblephus laticeps juv Peter Southwood.jpg
1211, Chrysoblephus laticeps Carel.jpg
1187, Chrysoblephus anglicus Pieter Laubscher.jpg
1158, Alexander Francis Cyprinus carpio.jpeg
1151, Asparagopsis  armata Fiona Crouch.jpg
1143, A taxiformis 24 June 2016.jpg
1126, codium Charles Griffiths.jpg
1117, Chrysoblephus anglicus.jpg
1116, Chrysoblephus anglicus.jpg
1104, Poroderma pantherinum Matthew Melidonis.jpg
1103, Poroderma pantherinum Georgina Jones.jpg
1102, Poroderma pantherinum Georgina Jones 2.jpg
1094, Poroderma africanum Peter Southwood.jpg
1093, Poroderma africanum eggcase Georgina Jones.jpg
1092, Poroderma africanum Carel vander Colff.jpg
1087, Aprion virescens Neville Ayliffe.jpg
1086, Aprion virescens Geoff Spiby.jpg
1077, Caranx ignobilis Pieter Laubsher 2.jpg
1076, Caranx ignobilis Pieter Laubsher.jpg
1075, Caranx ignobilis.jpg
1058, Suberites spp3.JPG
1057, Suberites spp2.JPG
1056, Suberites spp1.JPG
1054, Rossella antarctica3..jpg
1053, Rossella antarctica2..jpg
1052, Rossella antarctica1.JPG
1050, Isididae_Bamboo coral1..jpg
1046, Bolocera kerguelensis3..jpg
1045, Bolocera kerguelensis2..jpg
1044, Bolocera kerguelensis1..jpg
1042, Anthoptilum grandiflorum3.jpg
1041, Anthoptilum grandiflorum2.JPG
1040, Anthoptilum grandiflorum1.JPG
1037, Actinostola capensis3.JPG
1036, Actinostola capensis2.jpg
1035, Actinostola capensis1.JPG
1033, Actinoptilum molle3..jpg
1032, Actinoptilum molle2..jpg
1031, Actinoptilum molle1 (2).jpg
1028, Actinauge granulata2.JPG
1027, Actinauge granulata1.jpg
1020, Chrysoblephus gibbiceps Rose Palmer.jpg
1019, Chrysoblephus gibbiceps Peter Southwood.jpg
1018, Chrysoblephus gibbiceps Georgina Jones.jpg
1009, Chrysoblephus cristiceps Steve Benjamin.jpg
1008, Chrysoblephus cristiceps Rose Palmer.jpg
972, Acanthocybium solandri Andrew Fraser.jpg
970, seak.jpg
953, hydroid_gonothyraea_loveni_18-09-11_2.jpg
952, hydroid_gonothyraea_loveni_18-09-11_1.jpg
947, Sphyrna_zygaena.jpg
946," Sphyrna_zygaena,I_RR110.jpg"
934, Manta_birostris-Thailand4.jpg
933, Manta_birostris-Thailand.jpg
923, Manta_alfredi_fushivaru_thila..jpg
921, Manta_alfredi_cruising_-_journal_pone_0046170_g002A.png
920, Manta_alfredi Ray_Maldives_.jpg
919, Manta_alfredi_cruising_-_journal_pone_0046170_g002A.png
904, Lyrodus pedicellatus Portsmouth UK.jpg
901, tn_Lyrodus_pedicellatus.jpg
898, Lyrodus pedicellatus Portsmouth UK.jpg
881, Figure-9-Ammothella-appendiculata-Dohrn-1881-ovigerous-left-leg-3.png
880, mersin bay_Kock and alan.png
865, Cetorhinus_maximus_by_greg_skomal..jpg
864, Cetorhinus_maximus_atlantic-.jpg
863, Basking_Shark.jpg
850, Kingclip Genypterus capensis-.jpg
849, Shallow-water hake Merluccius capensis-.jpg
848, Deep water hake Merluccius paradoxus.jpg
847, Kingclip Genypterus capensis-.jpg
846, Carcharodon_carchariasGreat_white_shark_south_africa.jpg
845, Carcharodon_carcharias.jpg
834, Carcharhinus_longimanus_1.jpg
833, Carcharhinus_longimanus_NOAA.jpg
832, Carcharhinus_longimanus_1.jpg
817, Shallow-water hake Merluccius capensis-.jpg
811, Shallow-water hake Merluccius capensis.jpg
797, Deep water hake Merluccius paradoxus.jpg
789, Jacopever Helicolenus dactylopterus_1.jpg
779," Alcyonium fauri_Jannes Landschoff, University of Cape Town.jpg"
766, AnoxypristisCuspidataCSIRO.jpg
765, Anoxypristis_cuspidata.png
763, Melobesia membranacea (SeaKeys) - Fig 1.jpg
762, Melobesia membranacea (SeaKeys) - Fig 2.jpg
761, Melobesia membranacea (SeaKeys) - Fig 3.jpg
757, Synarthrophyton robbenense (SeaKeys) - Fig 1.jpg
755, Synarthrophyton patena (SeaKeys) - Fig 1.jpg
754, Synarthrophyton patena (SeaKeys) - Fig 2.jpg
752, Synarthrophyton papillatum (SeaKeys) - Fig 2.jpg
751, Synarthrophyton papillatum (SeaKeys) - Fig 1.jpg
749, Synarthrophyton munimentum (SeaKeys) - Fig 2.jpg
748, Synarthrophyton munimentum (SeaKeys) - Fig 1.jpg
746, Synarthrophyton magellanicum (SeaKeys) - Fig 2.jpg
745, Synarthrophyton magellanicum (SeaKeys) - Fig 1.jpg
743, Synarthrophyton eckloniae (SeaKeys) - Fig 1.jpg
742, Synarthrophyton eckloniae (SeaKeys) - Fig 2 (DW Keats).jpg
737, Lithothamnion crispatum (SeaKeys) - Fig 2.jpg
736, Lithothamnion crispatum (SeaKeys) - Fig 1.jpg
731, Lithophyllum neoatalayense (SeaKeys) - Fig 1.jpg
728, Lithophyllum acrocamptum (SeaKeys) - Fig 1.jpg
723, Spongites yendoi (SeaKeys) - Fig 2.jpg
722, Spongites yendoi (SeaKeys) - Fig 1.jpg
718, Spongites discoidea (SeaKeys) - Fig 2.jpg
717, Spongites discoidea (SeaKeys) - Fig 1.jpg
713, Clathromorphum tubiforme (SeaKeys) - Fig 1.jpg
710, Spongites impar (SeaKeys) - Fig 3.jpg
709, Spongites impar (SeaKeys) - Fig 2.jpg
708, Spongites impar (SeaKeys) - Fig 1.jpg
706, Spongites agulhensis (SeaKeys) - Fig 3.jpg
705, Spongites agulhensis (SeaKeys) - Fig 2.jpg
704, Spongites agulhensis (SeaKeys) - Fig 1.jpg
699, Phymatolithon foveatum (SeaKeys) - Fig 3.jpg
698, Phymatolithon foveatum (SeaKeys) - Fig 2.jpg
697, Phymatolithon foveatum (SeaKeys) - Fig 1.jpg
694, Phymatolithon ferox (SeaKeys) - Fig 2.jpg
693, Phymatolithon ferox (SeaKeys) - Fig 1.jpg
690, Phymatolithon acervatum (SeaKeys) - Fig 2.jpg
689, Phymatolithon acervatum (SeaKeys) - Fig 1.jpg
686, Heydrichia woelkerlingii (SeaKeys) - Fig 2.jpg
684, Mesophyllum engelhartii (SeaKeys) - Fig 2.jpg
683, Mesophyllum engelhartii (SeaKeys) - Fig 1.jpg
679, Heydrichia woelkerlingii (SeaKeys) - Fig 1.jpg
676, Heydrichia woelkerlingii (SeaKeys) - Fig 2.jpg
675, Heydrichia woelkerlingii (SeaKeys) - Fig 1.jpg
672, Heydrichia groeneri (SeaKeys) - Fig 1.jpg
669, Heydrichia cerasina (SeaKeys) - Fig 1.jpg
645, Peter Southwood.jpg
644, Neville Ayliffe.jpg
641, Ischyrocerus anguipes 2.jpg
625, Cerapus-1.jpg
622, chelura_terebrans3-mc.jpg
621, chelura_terebrans1-mc.jpg
614, Amphibalanus venustus-Brian KD2.Ispot_.jpg
607, Polydora hoplura-G Read.jpg
606, P-hoplura_front-page.jpg
594, Alitta succinea-.jpg
593, Allita succinea-anterior-Caroline McFarlin.jpg
587, P. disticha @ S. Coles.jpg
586, P. disticha @Phil Buckland.jpg
580, Coryne_Jon Chamberlain.jpg
579, 5668_coryne-eximia.jpg
574, S.ficus2_.jpg
573, S.ficus1_.jpg
569, Litopenaeus_vannamei_specimen_wikimediaCommons.jpg
568, white_shrimp1.jpg
563, D. tenuis.jpg
562, 20100810_oyster_trade_sa_group_d.jpg
559, P.monodon-CSIRO.jpg
558, TigerShrimp.jpg
554, Fenneropenaeus-indicus-lateral-view_EctotoaEnterprises.jpg
553, Close-up-of-Fenneropenaeus-indicus-head_EcotaoEnterprises.jpg
542, Peter Southwood.jpg
541, Peter Southwood 2.jpg
540, Halaelurus_natalensis_fb S du Preez.jpg
536, Bluespotted klipfish Peter B Southwood CC-by-sa 3.0.jpg
535, Bluespotted klipfish PB Southwood CC-by-sa 3.0.jpg
534, Bluespotted klipfish Georgine Jones.jpg
528, Peter Southwood.jpg
527, Peter Southwood 2.jpg
526, Georgina Jones (2) - Copy.jpg
523, Ryan Palmer ACEP.jpg
521, Ryan Palmer ACEP disruptive colouration.jpg
517, dodecaceria-fewkesi-2.jpg
516, dodecaceria-fewkesi1.jpg
513, f_enigmaticus_sp_f2.jpg
512, f_enigmaticus_sp_c1.jpg
495," Nemesis lamna Risso, 1826 (3).jpg"
494," Nemesis lamna Risso, 1826 (2).jpg"
493," Nemesis lamna Risso, 1826.jpg"
492," Nemesis lamna Risso, 1826.jpg"
486, Sagartia 2.jpg
483, Sagartia 1.jpg
430," Hepatoxylon trichiuri (Holten, 1802).png"
346, Pinnixa Occidentalis.jpg
185, Xantho_incisus.jpg
181, B-proboscidea-front-page.jpg
180, BprobMont1.jpg
167, Chelidonichthys_lastoviza2.jpg
164, p southwood.jpg
163, p southwood 2.jpg
158, Carcinus meanas.jpg
156, 68651_semimytilus-algosus.jpg
155, S.algosus.jpg
146, M. gallo.jpg
145, 48440_mytilus-galloprovincialis.jpg
144, mytilus00033.jpg
140, carcinus1.jpg
139, Carcinus meanas.jpg
127, Rhinecanthus rectangulus.jpg
125, Rhinecanthus rectangulus Andrew Deacon.jpg
117, C. kumu P. Southwood.jpg
116, C. kumu Duncan Pritchard.jpg
107, marine growth on 6inche xport pipeline.jpg
106, Metridium-senile_steve-gardner.jpg
105, metridium_senile_2.jpg
86, Crassostrea_gigas_L.jpg
84, crassostrea1.jpg
83, Crassostrea_gigas_L.jpg
79, Ciona intestinalis- SMiza.jpg
78, 12381_ciona-intestinalis.jpg
77, Ciona intestinalis- SMiza.jpg
51, Balanus_glandula4DLC2005.jpg
50, Balanus_glandula2DLC2005.jpg
39, Nan2007 401 T025 333m Sea pen (17).jpg
38, Nan2007 401 T077 277m Sea pen (12).JPG
37, Nan2007 401 T077 277m Sea pen (7).JPG
33, Balanus_glandula4DLC2005.jpg
32, Balanus_glandula2DLC2005.jpg
16, Koala.jpg
15, Chrysanthemum.jpg
